"","pid","date","condition","tstamp","uid","opens","consumetime","newtweets","compose","reply","likes","retweet","follow","unfollow","statPageView","dialogExit","dialogIgnore","avgAttentionScore","logAtnScore","consumetimeHours"
"1","pilot01","4/26","3",1619473694829006,"adabb1342dd9891f94faa812ef48c497",3,19,19,0,0,0,0,0,0,0,0,0,4,1.38629436111989,0.00527777777777778
"2","pilot01","4/26","3",1619463480387063,"1609b2a8202412e2112a1c560bdb12b0",8,640,19,0,0,0,0,0,0,1,0,0,4,1.38629436111989,0.177777777777778
"3","pilot02","05/09","2",1620591016111039,"8f25811dbb036da11d7a22d69dc2cb00",7,811,8,1,1,7,1,1,0,NA,1,NA,5,1.6094379124341,0.225277777777778
"4","pilot02","05/11","1",1.62079e+15,"8f25811dbb036da11d7a22d69dc2cb00",5,1098,19,0,2,0,0,0,0,6,0,0,5,1.6094379124341,0.305
"5","pilot02","05/17","0",1621316138136024,"8f25811dbb036da11d7a22d69dc2cb00",2,720,11,0,0,0,2,0,0,NA,NA,NA,3,1.09861228866811,0.2
"6","pilot02","05/17","1",1621284344796001,"8f25811dbb036da11d7a22d69dc2cb00",2,656,7,0,0,1,2,0,0,0,0,0,5,1.6094379124341,0.182222222222222
"7","pilot02","05/18","0",1621399749895024,"8f25811dbb036da11d7a22d69dc2cb00",3,525,8,0,0,0,0,0,0,NA,NA,NA,5,1.6094379124341,0.145833333333333
"8","pilot02","4/29","3",1619739994908085,"8f25811dbb036da11d7a22d69dc2cb00",6,2335,21,0,0,20,0,12,0,1,0,1,3.5,1.25276296849537,0.648611111111111
"9","pilot02","4/30","3",1619813876493062,"8f25811dbb036da11d7a22d69dc2cb00",5,1120,21,1,1,20,0,12,0,1,1,1,5,1.6094379124341,0.311111111111111
"10","pilot03","05/01","3",1619875344960063,"690bbbd4d2323faf5f29abe6664c3368",3,291,6,0,0,0,0,0,0,0,0,0,1,0,0.0808333333333333
"11","pilot03","05/11","1",1620793643087013,"690bbbd4d2323faf5f29abe6664c3368",2,226,11,0,0,0,0,0,0,3,0,0,2,0.693147180559945,0.0627777777777778
"12","pilot03","05/16","1",1621223182858031,"690bbbd4d2323faf5f29abe6664c3368",6,471,13,0,0,0,0,0,0,0,0,0,1,0,0.130833333333333
"13","pilot04","05/01","3",1619925843780048,"dad92316e8a7f99e68581ed055e0e4dc",10,1099,276,0,0,9,1,0,0,0,1,1,3,1.09861228866811,0.305277777777778
"14","pilot04","05/02","3",1620004096150092,"dad92316e8a7f99e68581ed055e0e4dc",5,317,244,0,0,9,1,0,0,1,1,1,3,1.09861228866811,0.0880555555555556
"15","pilot04","05/04","2",1620179414145012,"dad92316e8a7f99e68581ed055e0e4dc",5,216,133,0,0,1,0,0,0,NA,NA,NA,3,1.09861228866811,0.06
"16","pilot04","05/05","2",1620250615382064,"dad92316e8a7f99e68581ed055e0e4dc",3,515,132,0,0,3,0,0,0,NA,NA,NA,2,0.693147180559945,0.143055555555556
"17","pilot04","05/07","2",1620444111752026,"dad92316e8a7f99e68581ed055e0e4dc",7,459,233,0,0,4,0,0,0,NA,NA,NA,3,1.09861228866811,0.1275
"18","pilot04","05/08","2",1620537941034043,"dad92316e8a7f99e68581ed055e0e4dc",2,399,233,0,0,4,0,0,0,NA,NA,NA,2,0.693147180559945,0.110833333333333
"19","pilot04","05/09","2",1620613740464008,"dad92316e8a7f99e68581ed055e0e4dc",3,247,131,0,0,2,0,0,0,NA,NA,NA,3,1.09861228866811,0.0686111111111111
"20","pilot04","05/12","1",1620875916627061,"dad92316e8a7f99e68581ed055e0e4dc",29,1381,74,0,1,0,0,0,0,1,1,3,4,1.38629436111989,0.383611111111111
"21","pilot04","05/13","1",1620962552691026,"dad92316e8a7f99e68581ed055e0e4dc",11,459,47,0,0,1,0,0,0,2,1,1,2,0.693147180559945,0.1275
"22","pilot04","05/16","1",1621222160298089,"dad92316e8a7f99e68581ed055e0e4dc",9,515,21,0,0,1,0,0,0,2,0,0,3,1.09861228866811,0.143055555555556
"23","pilot04","05/17","1",1.62129e+15,"dad92316e8a7f99e68581ed055e0e4dc",5,490,21,0,0,1,0,0,0,2,0,0,3,1.09861228866811,0.136111111111111
"24","pilot04","05/18","0",1621378582005064,"dad92316e8a7f99e68581ed055e0e4dc",6,322,30,0,0,1,1,0,0,NA,NA,NA,2,0.693147180559945,0.0894444444444444
"25","pilot04","05/19","0",1621471628145039,"dad92316e8a7f99e68581ed055e0e4dc",8,371,26,0,0,1,1,0,0,NA,NA,NA,3,1.09861228866811,0.103055555555556
"26","pilot04","05/20","0",1621549659295017,"dad92316e8a7f99e68581ed055e0e4dc",6,257,26,0,0,1,0,1,0,NA,NA,NA,2,0.693147180559945,0.0713888888888889
"27","pilot04","05/21","0",1621654329730004,"dad92316e8a7f99e68581ed055e0e4dc",8,337,21,0,0,0,0,0,0,NA,NA,NA,2,0.693147180559945,0.0936111111111111
"28","pilot04","4/26","3",1619485435927035,"dad92316e8a7f99e68581ed055e0e4dc",19,2168,28,0,0,0,0,0,0,3,2,1,2,0.693147180559945,0.602222222222222
"29","pilot04","4/28","3",1619671431442085,"dad92316e8a7f99e68581ed055e0e4dc",4,1203,74,0,0,17,3,0,0,3,0,0,1,0,0.334166666666667
"30","pilot04","4/30","3",1619837587022009,"dad92316e8a7f99e68581ed055e0e4dc",22,877,276,0,0,12,2,1,1,7,2,4,3,1.09861228866811,0.243611111111111
"31","pilot05","05/01","3",1619927471605115,"f863e8fc567a0382572d3cf01a6a05d4",29,3740,305,0,0,0,0,0,0,1,0,11,1,0,1.03888888888889
"32","pilot05","05/02","3",1620017349353058,"f863e8fc567a0382572d3cf01a6a05d4",16,3042,305,0,0,0,0,0,0,1,0,11,1.2,0.182321556793955,0.845
"33","pilot05","05/04","2",1.62019e+15,"f863e8fc567a0382572d3cf01a6a05d4",7,2406,294,0,0,0,0,0,0,1,NA,NA,1,0,0.668333333333333
"34","pilot05","05/05","2",1620266212335028,"f863e8fc567a0382572d3cf01a6a05d4",32,2081,315,0,0,0,0,0,0,NA,NA,NA,1.333333333,0.287682072201781,0.578055555555556
"35","pilot05","05/06","2",1.62036e+15,"f863e8fc567a0382572d3cf01a6a05d4",13,2133,315,0,0,0,0,0,0,NA,NA,NA,1,0,0.5925
"36","pilot05","05/07","2",1620442697396266,"f863e8fc567a0382572d3cf01a6a05d4",9,2276,182,0,0,0,0,0,0,NA,NA,NA,2,0.693147180559945,0.632222222222222
"37","pilot05","05/08","2",1620534379893042,"f863e8fc567a0382572d3cf01a6a05d4",16,1404,1712,0,0,0,0,0,0,NA,NA,NA,1,0,0.39
"38","pilot05","05/09","2",1620609763455074,"f863e8fc567a0382572d3cf01a6a05d4",11,2575,192,0,0,0,0,1,0,NA,NA,NA,1.333333333,0.287682072201781,0.715277777777778
"39","pilot05","05/11","1",1620789939166006,"f863e8fc567a0382572d3cf01a6a05d4",8,2548,279,0,0,0,0,0,0,1,0,3,1,0,0.707777777777778
"40","pilot05","05/12","1",1620873569135165,"f863e8fc567a0382572d3cf01a6a05d4",14,2487,306,0,0,0,0,0,0,1,0,3,1,0,0.690833333333333
"41","pilot05","05/13","1",1620969069820056,"f863e8fc567a0382572d3cf01a6a05d4",19,3050,334,0,0,0,0,0,0,1,0,3,1,0,0.847222222222222
"42","pilot05","05/14","1",1621053401627245,"f863e8fc567a0382572d3cf01a6a05d4",11,2189,334,0,0,0,0,0,0,1,0,3,1,0,0.608055555555556
"43","pilot05","05/15","1",1.62114e+15,"f863e8fc567a0382572d3cf01a6a05d4",67,5568,48,0,0,0,0,0,0,1,0,5,1,0,1.54666666666667
"44","pilot05","05/16","1",1621228708263023,"f863e8fc567a0382572d3cf01a6a05d4",92,5284,48,0,0,0,0,0,0,1,0,5,2,0.693147180559945,1.46777777777778
"45","pilot05","05/17","0",1621311488305003,"f863e8fc567a0382572d3cf01a6a05d4",78,3210,32,0,0,0,0,0,0,NA,NA,1,1,0,0.891666666666667
"46","pilot05","05/17","1",1621296664835043,"f863e8fc567a0382572d3cf01a6a05d4",53,1866,20,0,0,0,0,0,0,0,0,1,1,0,0.518333333333333
"47","pilot05","05/18","0",1621406930350016,"f863e8fc567a0382572d3cf01a6a05d4",12,1665,32,0,0,0,0,0,0,NA,NA,1,1,0,0.4625
"48","pilot05","05/19","0",1621491765666024,"f863e8fc567a0382572d3cf01a6a05d4",27,1962,18,0,0,0,0,0,0,NA,NA,NA,1,0,0.545
"49","pilot05","05/20","0",1621572384674115,"f863e8fc567a0382572d3cf01a6a05d4",15,2420,24,0,0,0,0,3,0,NA,NA,NA,1,0,0.672222222222222
"50","pilot05","05/21","0",1621661222267006,"f863e8fc567a0382572d3cf01a6a05d4",36,4023,24,0,0,0,0,3,0,NA,NA,NA,1,0,1.1175
"51","pilot05","05/22","0",1.62174e+15,"f863e8fc567a0382572d3cf01a6a05d4",38,2170,28,0,0,0,0,0,0,NA,NA,NA,1,0,0.602777777777778
"52","pilot05","05/23","0",1621831303208057,"f863e8fc567a0382572d3cf01a6a05d4",66,2621,28,0,0,0,0,0,0,NA,NA,NA,2,0.693147180559945,0.728055555555556
"53","pilot05","05/24","3",1621916744492015,"f863e8fc567a0382572d3cf01a6a05d4",36,880,82,0,0,0,0,0,0,1,0,0,1,0,0.244444444444444
"54","pilot05","4/26","3",1619507273122011,"f863e8fc567a0382572d3cf01a6a05d4",56,1939,316,0,0,0,0,0,0,5,0,11,1.5,0.405465108108164,0.538611111111111
"55","pilot05","4/27","3",1619582839697004,"f863e8fc567a0382572d3cf01a6a05d4",26,2676,282,0,0,1,0,0,0,4,0,11,2,0.693147180559945,0.743333333333333
"56","pilot05","4/28","3",1.61966e+15,"f863e8fc567a0382572d3cf01a6a05d4",56,4956,226,0,0,0,0,0,0,6,0,8,1.8,0.587786664902119,1.37666666666667
"57","pilot05","4/29","3",1619759272982045,"f863e8fc567a0382572d3cf01a6a05d4",7,3049,226,0,0,0,0,0,0,6,0,8,1.5,0.405465108108164,0.846944444444444
"58","pilot05","4/30","3",1619845825814036,"f863e8fc567a0382572d3cf01a6a05d4",16,2780,231,0,0,0,0,1,0,1,0,6,2,0.693147180559945,0.772222222222222
"59","pilot06","05/04","2",1620168117099057,"9e81ef181596669488b61b44cad5421b",3,1209,58,0,0,0,0,0,0,NA,NA,NA,1,0,0.335833333333333
"60","pilot06","05/12","1",1620865786051018,"9e81ef181596669488b61b44cad5421b",4,422,57,0,0,0,0,0,0,2,0,0,2,0.693147180559945,0.117222222222222
"61","pilot06","05/16","1",1621226918642029,"9e81ef181596669488b61b44cad5421b",5,559,16,0,0,0,0,0,0,1,0,0,2,0.693147180559945,0.155277777777778
"62","pilot06","05/19","0",1621482093885058,"9e81ef181596669488b61b44cad5421b",5,482,17,0,0,0,0,0,0,NA,NA,NA,3,1.09861228866811,0.133888888888889
"63","pilot06","4/26","3",1619492624905004,"9e81ef181596669488b61b44cad5421b",10,888,21,0,0,0,0,0,0,4,0,0,3,1.09861228866811,0.246666666666667
"64","pilot06","4/27","3",1619556729881009,"9e81ef181596669488b61b44cad5421b",2,299,65,0,0,0,0,0,0,4,0,0,2,0.693147180559945,0.0830555555555555
"65","pilot07","05/08","2",1620492149032051,"22836590aaf51baf83d08bb11d3a747e",3,261,86,0,0,2,1,0,0,7,NA,1,1,0,0.0725
"66","pilot07","05/18","0",1621354901877053,"22836590aaf51baf83d08bb11d3a747e",3,386,13,0,0,1,0,0,0,2,NA,NA,1,0,0.107222222222222
"67","pilot07","05/24","0",1621875423831003,"22836590aaf51baf83d08bb11d3a747e",3,277,12,0,0,1,0,0,0,NA,NA,NA,1,0,0.0769444444444444
"68","pilot07","4/28","3",1619631432776155,"22836590aaf51baf83d08bb11d3a747e",4,577,30,0,0,4,0,0,0,4,0,0,1,0,0.160277777777778
"69","pilot07","4/30","3",1619800265295046,"22836590aaf51baf83d08bb11d3a747e",3,299,38,0,0,4,0,0,0,4,0,0,1,0,0.0830555555555555
"70","pilot09","05/03","3",1620105629941011,"a02b1cbc4b208aec90916f6f3efc2506",3,1512,120,0,0,0,0,0,0,0,0,0,3,1.09861228866811,0.42
"71","pilot09","05/17","1",1621318907166096,"a02b1cbc4b208aec90916f6f3efc2506",13,1035,29,0,0,1,0,0,0,1,0,0,3,1.09861228866811,0.2875
"72","pilot09","05/23","0",1621808082285018,"a02b1cbc4b208aec90916f6f3efc2506",4,699,26,0,0,0,0,0,0,NA,NA,NA,3,1.09861228866811,0.194166666666667
"73","pilot09","4/27","3",1619583128012013,"a02b1cbc4b208aec90916f6f3efc2506",13,418,19,0,0,0,0,0,0,2,0,0,2,0.693147180559945,0.116111111111111
"74","pilot09","4/28","3",1619667446683001,"a02b1cbc4b208aec90916f6f3efc2506",9,421,133,0,0,4,0,0,0,3,0,0,5,1.6094379124341,0.116944444444444
"75","pilot09","4/29","3",1619769186599016,"a02b1cbc4b208aec90916f6f3efc2506",7,669,133,0,0,4,0,0,0,3,0,0,2,0.693147180559945,0.185833333333333
"76","pilot10","05/11","1",1620793691589005,"30ae3a1e50aba3b4cbdbbead54e2bb0d",3,684,23,0,0,1,0,0,0,3,0,0,1,0,0.19
"77","pilot10","05/19","0",1621455511202024,"30ae3a1e50aba3b4cbdbbead54e2bb0d",2,885,8,0,0,0,0,0,0,NA,NA,NA,1,0,0.245833333333333
"78","pilot10","4/27","3",1.61957e+15,"30ae3a1e50aba3b4cbdbbead54e2bb0d",11,3377,19,0,0,0,0,0,0,5,2,2,1,0,0.938055555555556
"79","pilot10","4/29","3",1619717208000015,"30ae3a1e50aba3b4cbdbbead54e2bb0d",2,340,36,0,0,1,0,0,0,5,2,2,4,1.38629436111989,0.0944444444444444
"80","pilot11","05/12","1",1.62089e+15,"457846cc9857b794b3e7eeb7d86799da",11,622,24,0,0,0,0,0,0,16,0,0,1,0,0.172777777777778
"81","pilot11","05/17","1",1621310682898009,"457846cc9857b794b3e7eeb7d86799da",18,2113,33,0,1,10,7,0,0,34,0,5,1,0,0.586944444444444
"82","pilot11","05/19","1",1.62148e+15,"457846cc9857b794b3e7eeb7d86799da",7,239,12,0,0,0,0,0,0,9,0,0,1,0,0.0663888888888889
"83","pilot11","05/20","0",1621544813697006,"457846cc9857b794b3e7eeb7d86799da",6,262,12,0,0,0,0,0,0,1,NA,NA,1,0,0.0727777777777778
"84","pilot11","05/24","0",1621848485693045,"457846cc9857b794b3e7eeb7d86799da",5,318,8,0,0,0,0,0,0,NA,NA,NA,1,0,0.0883333333333333
"85","pilot11","4/28","3",1619666653582065,"457846cc9857b794b3e7eeb7d86799da",20,1169,19,0,0,0,0,0,0,1,0,2,4,1.38629436111989,0.324722222222222
"86","pilot12","05/01","3",1619870266870148,"cf04ec0b46aaa7e49cc141389a11c7e4",5,822,18,0,0,1,0,0,0,1,0,0,4,1.38629436111989,0.228333333333333
"87","pilot12","05/10","2",1620638817561112,"cf04ec0b46aaa7e49cc141389a11c7e4",7,379,39,0,0,0,0,0,0,NA,NA,NA,5,1.6094379124341,0.105277777777778
"88","pilot12","05/15","1",1621149792374064,"cf04ec0b46aaa7e49cc141389a11c7e4",4,865,38,0,2,13,0,0,0,4,0,0,4.5,1.50407739677627,0.240277777777778
"89","pilot12","05/16","1",1621232857695039,"cf04ec0b46aaa7e49cc141389a11c7e4",3,393,4,0,2,13,1,0,0,4,0,0,4,1.38629436111989,0.109166666666667
"90","pilot12","05/27","0",1622103219930004,"cf04ec0b46aaa7e49cc141389a11c7e4",2,189,24,0,0,2,0,0,0,NA,NA,NA,4,1.38629436111989,0.0525
"91","pilot12","4/30","3",1619812762667022,"cf04ec0b46aaa7e49cc141389a11c7e4",2,307,18,0,0,1,0,0,0,0,0,0,3,1.09861228866811,0.0852777777777778
"92","pilot21","05/01","1",1619905574048051,"565651299b04c0752dfa7508b4bb459c",1,355,4,0,0,1,0,0,0,1,0,0,1,0,0.0986111111111111
"93","pilot21","05/07","3",1620441182870037,"565651299b04c0752dfa7508b4bb459c",2,1068,19,0,0,1,0,1,0,5,0,0,1,0,0.296666666666667
"94","pilot21","05/17","2",1.6213e+15,"565651299b04c0752dfa7508b4bb459c",3,461,19,0,0,0,0,0,0,NA,NA,NA,1,0,0.128055555555556
"95","pilot21","05/20","2",1621538537787005,"565651299b04c0752dfa7508b4bb459c",2,698,21,0,0,0,0,0,0,NA,NA,NA,1,0,0.193888888888889
"96","pilot21","4/26","1",1619463732127023,"565651299b04c0752dfa7508b4bb459c",6,850,19,0,0,2,0,0,0,4,0,0,1,0,0.236111111111111
"97","pilot21","4/27","1",1619552885747069,"565651299b04c0752dfa7508b4bb459c",1,389,19,0,0,2,0,0,0,4,0,0,1,0,0.108055555555556
"98","pilot21","4/28","1",1619674026067003,"565651299b04c0752dfa7508b4bb459c",2,470,6,0,0,2,1,0,0,4,0,0,1,0,0.130555555555556
"99","pilot22","05/01","1",1619937393042013,"10633f53919d0dddebb3bf96784edea2",8,316,19,0,0,1,0,0,0,2,0,0,1,0,0.0877777777777778
"100","pilot22","05/02","1",1620006344093028,"10633f53919d0dddebb3bf96784edea2",8,259,32,1,0,2,0,1,0,1,0,0,1,0,0.0719444444444444
"101","pilot22","05/04","3",1620165895713018,"10633f53919d0dddebb3bf96784edea2",14,544,65,0,0,9,0,1,0,2,0,0,1,0,0.151111111111111
"102","pilot22","05/05","3",1620265189815017,"10633f53919d0dddebb3bf96784edea2",9,427,100,0,0,9,0,1,0,0,0,0,1,0,0.118611111111111
"103","pilot22","05/06","3",1.62037e+15,"10633f53919d0dddebb3bf96784edea2",7,243,106,0,0,6,1,0,0,2,0,0,1,0,0.0675
"104","pilot22","05/07","3",1620452170462002,"10633f53919d0dddebb3bf96784edea2",5,330,91,0,0,4,1,0,0,1,0,0,1,0,0.0916666666666667
"105","pilot22","05/09","3",1620624887306005,"10633f53919d0dddebb3bf96784edea2",9,221,78,0,0,11,0,0,0,4,0,0,1,0,0.0613888888888889
"106","pilot22","05/13","0",1620971783031014,"10633f53919d0dddebb3bf96784edea2",6,366,18,0,0,0,0,0,0,NA,NA,NA,1,0,0.101666666666667
"107","pilot22","05/14","0",1621056413799013,"10633f53919d0dddebb3bf96784edea2",5,298,20,0,0,0,0,0,0,NA,NA,NA,1,0,0.0827777777777778
"108","pilot22","05/15","0",1621146474025006,"10633f53919d0dddebb3bf96784edea2",10,280,12,0,0,0,0,0,0,NA,NA,NA,1,0,0.0777777777777778
"109","pilot22","05/16","0",1621220286444009,"10633f53919d0dddebb3bf96784edea2",4,231,22,0,0,0,0,0,0,NA,NA,NA,1,0,0.0641666666666667
"110","pilot22","05/20","2",1621578205250004,"10633f53919d0dddebb3bf96784edea2",2,233,39,0,0,1,0,0,0,NA,NA,NA,1,0,0.0647222222222222
"111","pilot22","05/23","2",1.62184e+15,"10633f53919d0dddebb3bf96784edea2",7,901,62,0,0,2,0,0,0,NA,NA,NA,1,0,0.250277777777778
"112","pilot22","4/26","1",1619503819245042,"10633f53919d0dddebb3bf96784edea2",9,409,27,0,0,2,0,0,0,3,0,0,1,0,0.113611111111111
"113","pilot22","4/27","1",1619587418749012,"10633f53919d0dddebb3bf96784edea2",8,547,20,0,0,4,0,1,0,2,0,0,1,0,0.151944444444444
"114","pilot22","4/28","1",1619672213893016,"10633f53919d0dddebb3bf96784edea2",7,209,16,0,0,4,0,0,0,0,0,0,1,0,0.0580555555555556
"115","pilot22","4/29","1",1619757372806019,"10633f53919d0dddebb3bf96784edea2",6,271,10,0,0,0,0,2,0,2,0,0,1,0,0.0752777777777778
"123","pilot26","05/12","0",1620808731288026,"528b647c93656646ea7a0c79e0bb3eb2",1,253,4,0,0,1,0,0,0,NA,NA,NA,1,0,0.0702777777777778
"124","pilot26","05/17","2",1621305838737005,"528b647c93656646ea7a0c79e0bb3eb2",14,1016,4,0,0,1,0,0,0,NA,NA,NA,1,0,0.282222222222222
"125","pilot27","05/01","1",1619926577412047,"74607fb035a9a6ee33cd613f5344ed5f",2,431,13,0,0,9,0,0,0,0,0,0,1,0,0.119722222222222
"126","pilot27","05/04","3",1620185274806134,"74607fb035a9a6ee33cd613f5344ed5f",4,618,4,0,0,12,0,1,0,2,0,1,1,0,0.171666666666667
"127","pilot27","05/05","3",1620276166963093,"74607fb035a9a6ee33cd613f5344ed5f",1,442,26,0,0,7,0,2,0,0,0,0,1,0,0.122777777777778
"128","pilot27","05/06","3",1.62036e+15,"74607fb035a9a6ee33cd613f5344ed5f",2,1412,58,0,0,3,0,2,0,0,0,0,1,0,0.392222222222222
"129","pilot27","05/07","3",1620444994976315,"74607fb035a9a6ee33cd613f5344ed5f",4,1499,91,0,0,14,0,0,0,0,0,0,1,0,0.416388888888889
"130","pilot27","05/08","3",1620534665359019,"74607fb035a9a6ee33cd613f5344ed5f",7,830,121,0,0,15,0,0,0,0,0,0,1,0,0.230555555555556
"131","pilot27","05/09","3",1620616698657046,"74607fb035a9a6ee33cd613f5344ed5f",3,636,121,0,0,15,0,0,0,0,0,0,1,0,0.176666666666667
"132","pilot27","05/11","0",1620789375248029,"74607fb035a9a6ee33cd613f5344ed5f",2,356,200,0,0,1,0,0,0,1,NA,NA,1,0,0.0988888888888889
"133","pilot27","05/12","0",1620876338714016,"74607fb035a9a6ee33cd613f5344ed5f",6,972,31,0,0,15,0,0,0,NA,NA,NA,1,0,0.27
"134","pilot27","05/13","0",1.62096e+15,"74607fb035a9a6ee33cd613f5344ed5f",6,261,31,0,0,15,0,0,0,NA,NA,NA,1,0,0.0725
"135","pilot27","05/15","0",1621135559575019,"74607fb035a9a6ee33cd613f5344ed5f",4,774,20,0,0,6,0,0,0,NA,NA,NA,1,0,0.215
"136","pilot27","05/16","0",1.62122e+15,"74607fb035a9a6ee33cd613f5344ed5f",5,638,20,0,0,16,0,0,0,NA,NA,NA,1,0,0.177222222222222
"137","pilot27","05/17","0",1621313146134057,"74607fb035a9a6ee33cd613f5344ed5f",11,973,26,0,0,16,0,0,0,NA,NA,NA,1,0,0.270277777777778
"138","pilot27","05/18","2",1621397873813003,"74607fb035a9a6ee33cd613f5344ed5f",8,484,145,0,0,9,0,0,0,NA,NA,NA,1,0,0.134444444444444
"139","pilot27","05/19","2",1621478503617015,"74607fb035a9a6ee33cd613f5344ed5f",7,555,231,0,0,12,0,0,0,NA,NA,NA,1,0,0.154166666666667
"140","pilot27","05/20","2",1621567351378004,"74607fb035a9a6ee33cd613f5344ed5f",3,239,231,0,0,12,0,0,0,NA,NA,NA,1,0,0.0663888888888889
"141","pilot27","05/22","2",1.62174e+15,"74607fb035a9a6ee33cd613f5344ed5f",4,632,57,0,0,20,0,0,0,NA,NA,NA,1,0,0.175555555555556
"142","pilot27","05/23","2",1621828043558176,"74607fb035a9a6ee33cd613f5344ed5f",7,1178,78,0,0,20,1,0,0,NA,NA,NA,1,0,0.327222222222222
"143","pilot27","05/24","2",1621912529669041,"74607fb035a9a6ee33cd613f5344ed5f",2,261,97,0,0,8,0,0,0,NA,NA,NA,1,0,0.0725
"144","pilot27","4/27","1",1.61958e+15,"74607fb035a9a6ee33cd613f5344ed5f",4,867,19,0,0,24,0,0,0,1,0,0,1,0,0.240833333333333
"145","pilot28","05/01","1",1619937926775017,"7bed5cb1d6911cce9243412437cb7aa8",12,581,52,0,1,1,0,1,0,1,0,0,2,0.693147180559945,0.161388888888889
"146","pilot28","05/02","1",1620017562055011,"7bed5cb1d6911cce9243412437cb7aa8",4,430,44,0,1,1,0,1,0,0,0,0,1,0,0.119444444444444
"147","pilot28","05/03","1",1620100330429013,"7bed5cb1d6911cce9243412437cb7aa8",16,792,60,0,0,2,0,0,0,1,0,0,2,0.693147180559945,0.22
"148","pilot28","05/04","1",1.62017e+15,"7bed5cb1d6911cce9243412437cb7aa8",8,441,60,0,0,2,0,0,0,1,0,0,1,0,0.1225
"149","pilot28","05/06","3",1.62036e+15,"7bed5cb1d6911cce9243412437cb7aa8",6,282,111,0,0,0,0,0,0,0,0,0,1,0,0.0783333333333333
"150","pilot28","05/08","3",1620533155163012,"7bed5cb1d6911cce9243412437cb7aa8",3,280,83,0,0,0,0,0,0,0,0,0,5,1.6094379124341,0.0777777777777778
"151","pilot28","05/10","3",1620710285717036,"7bed5cb1d6911cce9243412437cb7aa8",5,724,509,0,0,1,0,0,0,1,0,0,1,0,0.201111111111111
"152","pilot28","05/13","0",1620966005149006,"7bed5cb1d6911cce9243412437cb7aa8",6,659,20,0,0,1,0,0,0,NA,NA,NA,2,0.693147180559945,0.183055555555556
"153","pilot28","05/18","0",1.62141e+15,"7bed5cb1d6911cce9243412437cb7aa8",3,334,20,0,0,0,0,1,0,NA,NA,NA,2,0.693147180559945,0.0927777777777778
"154","pilot28","05/24","2",1621916882972005,"7bed5cb1d6911cce9243412437cb7aa8",11,426,49,0,1,3,0,1,0,NA,NA,NA,2,0.693147180559945,0.118333333333333
"155","pilot28","05/25","2",1621998568977003,"7bed5cb1d6911cce9243412437cb7aa8",8,544,49,0,1,3,0,0,0,NA,NA,NA,2,0.693147180559945,0.151111111111111
"156","pilot28","4/27","1",1619578159033015,"7bed5cb1d6911cce9243412437cb7aa8",19,1316,56,0,0,0,0,0,0,5,2,0,2.5,0.916290731874155,0.365555555555556
"157","pilot28","4/30","1",1619833545450028,"7bed5cb1d6911cce9243412437cb7aa8",5,440,52,0,0,0,0,0,0,1,0,0,2,0.693147180559945,0.122222222222222
"158","pilot29","05/01","1",1619866875115014,"77d422a4b88925c3a4ec3d430ad56536",2,767,92,0,5,7,0,0,0,2,0,4,2,0.693147180559945,0.213055555555556
"159","pilot29","05/02","1",1619947119636031,"77d422a4b88925c3a4ec3d430ad56536",2,373,12,0,1,7,0,0,0,1,0,0,3,1.09861228866811,0.103611111111111
"160","pilot29","05/03","1",1620088318019004,"77d422a4b88925c3a4ec3d430ad56536",5,271,20,0,1,2,0,0,0,0,0,0,4,1.38629436111989,0.0752777777777778
"161","pilot29","05/05","3",1.62028e+15,"77d422a4b88925c3a4ec3d430ad56536",3,629,37,0,0,3,0,0,0,3,0,0,2,0.693147180559945,0.174722222222222
"162","pilot29","05/06","3",1620350795091082,"77d422a4b88925c3a4ec3d430ad56536",8,1351,109,0,1,8,0,1,0,0,0,1,3,1.09861228866811,0.375277777777778
"163","pilot29","05/07","3",1620447817874011,"77d422a4b88925c3a4ec3d430ad56536",2,228,109,0,1,8,0,1,0,1,0,1,2,0.693147180559945,0.0633333333333333
"164","pilot29","05/09","3",1620614215362034,"77d422a4b88925c3a4ec3d430ad56536",4,315,83,0,1,2,0,0,0,1,0,0,2,0.693147180559945,0.0875
"165","pilot29","05/11","3",1.62078e+15,"77d422a4b88925c3a4ec3d430ad56536",4,531,46,0,1,4,0,0,0,1,0,0,4,1.38629436111989,0.1475
"166","pilot29","05/13","0",1620897944966174,"77d422a4b88925c3a4ec3d430ad56536",2,949,15,0,0,1,0,0,0,NA,NA,NA,4,1.38629436111989,0.263611111111111
"167","pilot29","05/14","0",1621042456204167,"77d422a4b88925c3a4ec3d430ad56536",5,901,34,0,1,2,0,0,1,NA,NA,NA,3,1.09861228866811,0.250277777777778
"168","pilot29","05/15","0",1621105910005005,"77d422a4b88925c3a4ec3d430ad56536",4,509,34,0,1,2,0,1,1,NA,NA,NA,2,0.693147180559945,0.141388888888889
"169","pilot29","05/17","0",1621322501684119,"77d422a4b88925c3a4ec3d430ad56536",1,1009,16,0,1,4,0,0,0,NA,NA,NA,2.5,0.916290731874155,0.280277777777778
"170","pilot29","05/18","0",1.6214e+15,"77d422a4b88925c3a4ec3d430ad56536",5,1848,46,0,2,4,0,0,0,NA,NA,NA,3,1.09861228866811,0.513333333333333
"171","pilot29","05/18","2",1621400266125105,"77d422a4b88925c3a4ec3d430ad56536",3,612,54,0,2,4,0,0,0,NA,NA,NA,3,1.09861228866811,0.17
"172","pilot29","05/19","2",1621459347053059,"77d422a4b88925c3a4ec3d430ad56536",10,1410,165,0,0,1,0,0,0,NA,NA,NA,2,0.693147180559945,0.391666666666667
"173","pilot29","05/20","2",1621567007654034,"77d422a4b88925c3a4ec3d430ad56536",5,485,124,0,0,0,0,0,0,NA,NA,NA,2,0.693147180559945,0.134722222222222
"174","pilot29","05/22","2",1621749089443019,"77d422a4b88925c3a4ec3d430ad56536",4,817,94,0,1,7,0,0,0,NA,NA,NA,2,0.693147180559945,0.226944444444444
"175","pilot29","05/23","2",1621842174044053,"77d422a4b88925c3a4ec3d430ad56536",7,750,138,0,0,1,0,0,0,NA,NA,NA,4,1.38629436111989,0.208333333333333
"176","pilot29","05/24","2",1621918697281043,"77d422a4b88925c3a4ec3d430ad56536",7,988,176,0,1,8,0,0,0,NA,NA,NA,2,0.693147180559945,0.274444444444444
"177","pilot29","4/27","1",1619577227243066,"77d422a4b88925c3a4ec3d430ad56536",11,1628,72,0,1,5,0,0,0,2,0,2,3,1.09861228866811,0.452222222222222
"178","pilot29","4/28","1",1619658784548089,"77d422a4b88925c3a4ec3d430ad56536",7,1481,72,0,1,10,0,0,0,3,0,2,4,1.38629436111989,0.411388888888889
"179","pilot29","4/29","1",1619766186965015,"77d422a4b88925c3a4ec3d430ad56536",14,1248,59,0,2,10,0,0,0,5,1,1,3.666666667,1.29928298422117,0.346666666666667
"180","pilot29","4/30","1",1619838661577053,"77d422a4b88925c3a4ec3d430ad56536",13,2568,92,0,5,7,0,0,0,2,0,4,4,1.38629436111989,0.713333333333333
"181","pilot30","05/01","1",1619926771630004,"c3a9b648f0f3117f444defb7c9185e31",11,367,30,0,0,8,0,0,0,2,0,0,4,1.38629436111989,0.101944444444444
"182","pilot30","4/27","1",1619594173295007,"c3a9b648f0f3117f444defb7c9185e31",13,244,37,0,1,2,0,0,0,3,0,0,3,1.09861228866811,0.0677777777777778
"183","pilot30","4/28","1",1619677131772013,"c3a9b648f0f3117f444defb7c9185e31",16,479,63,0,0,7,0,0,0,1,0,0,4,1.38629436111989,0.133055555555556
"184","pilot30","4/29","1",1619758213772043,"c3a9b648f0f3117f444defb7c9185e31",16,704,63,0,0,7,0,0,0,1,0,0,3,1.09861228866811,0.195555555555556
"185","pilot30","4/30","1",1619850356647007,"c3a9b648f0f3117f444defb7c9185e31",11,393,46,0,0,8,0,0,0,1,0,0,4,1.38629436111989,0.109166666666667
"186","pilot31","05/06","3",1620371880372004,"e747ad120771d1c4a67147bef60b2eb1",24,580,8,0,0,0,0,0,0,5,0,0,1,0,0.161111111111111
"187","pilot31","05/10","3",1620711026757016,"e747ad120771d1c4a67147bef60b2eb1",13,406,19,0,0,0,0,0,0,0,0,0,1,0,0.112777777777778
"188","pilot32","05/01","1",1619927856076029,"869d30a2cd250a4ece5616f5ad655189",6,265,31,0,0,1,0,0,1,1,0,0,3,1.09861228866811,0.0736111111111111
"189","pilot32","05/02","1",1620016818246011,"869d30a2cd250a4ece5616f5ad655189",6,420,31,0,0,1,1,0,1,2,0,0,2,0.693147180559945,0.116666666666667
"190","pilot32","05/04","1",1.62012e+15,"869d30a2cd250a4ece5616f5ad655189",2,855,22,0,0,7,3,0,1,5,0,0,3,1.09861228866811,0.2375
"191","pilot32","05/05","1",1620204255594063,"869d30a2cd250a4ece5616f5ad655189",7,907,22,0,0,7,3,0,1,8,0,0,2,0.693147180559945,0.251944444444444
"192","pilot34","05/01","1",1619910857952009,"eda0ab8fd32fbfaa57c9f4d3dcca0568",3,314,10,0,0,0,0,0,0,0,0,0,1,0,0.0872222222222222
"193","pilot34","05/04","3",1620173870481005,"eda0ab8fd32fbfaa57c9f4d3dcca0568",5,534,98,0,0,1,0,0,0,2,1,0,1,0,0.148333333333333
"194","pilot34","05/08","3",1620498918948013,"eda0ab8fd32fbfaa57c9f4d3dcca0568",3,223,46,0,0,0,0,0,0,3,0,0,1,0,0.0619444444444444
"195","pilot34","05/15","0",1621131972503017,"eda0ab8fd32fbfaa57c9f4d3dcca0568",4,289,8,0,0,0,0,0,0,NA,NA,NA,1,0,0.0802777777777778
"196","pilot34","05/17","0",1621279294649005,"eda0ab8fd32fbfaa57c9f4d3dcca0568",5,235,16,0,0,0,0,0,0,NA,NA,NA,1,0,0.0652777777777778
"197","pilot34","05/19","2",1621466280609016,"eda0ab8fd32fbfaa57c9f4d3dcca0568",3,235,38,0,0,1,0,0,0,NA,NA,NA,1,0,0.0652777777777778
"198","pilot34","05/21","2",1621641280575011,"eda0ab8fd32fbfaa57c9f4d3dcca0568",3,218,38,0,0,1,0,0,0,NA,NA,NA,1,0,0.0605555555555556
"199","pilot34","05/24","2",1621919285013025,"eda0ab8fd32fbfaa57c9f4d3dcca0568",1,232,38,0,0,0,0,0,0,NA,NA,NA,1,0,0.0644444444444444
"200","pilot34","4/26","1",1619492333604015,"eda0ab8fd32fbfaa57c9f4d3dcca0568",9,1173,30,0,0,0,0,1,0,4,0,0,1,0,0.325833333333333
"201","pilot34","4/27","1",1619573829343031,"eda0ab8fd32fbfaa57c9f4d3dcca0568",6,493,30,0,0,1,0,1,0,4,0,0,1,0,0.136944444444444
"202","pilot34","4/29","1",1619735732714018,"eda0ab8fd32fbfaa57c9f4d3dcca0568",3,656,11,0,0,0,0,0,0,2,0,0,1,0,0.182222222222222
"203","pilot41","05/10","3",1620711691927032,"52dd7b579d8d9cb93c8e4b193508ce40",4,130,21,0,0,0,0,0,0,4,0,0,1,0,0.0361111111111111
"204","pilot41","05/24","2",1621924809876003,"52dd7b579d8d9cb93c8e4b193508ce40",25,2151,53,0,0,1,0,0,0,NA,NA,NA,1,0,0.5975
"205","pilot41","4/26","2",1619470699744123,"87b82289978d6667cbf0273586766d0a",20,731,43,0,0,0,0,0,0,NA,NA,NA,5,1.6094379124341,0.203055555555556
"206","pilot42","05/01","2",1619904297740151,"db963a70c087daa26b3692880e9749c2",3,1263,9,0,2,1,0,0,0,NA,NA,NA,2.5,0.916290731874155,0.350833333333333
"207","pilot42","05/12","3",1620875562205039,"db963a70c087daa26b3692880e9749c2",17,3048,19,0,0,0,0,0,0,2,0,7,3.5,1.25276296849537,0.846666666666667
"208","pilot42","05/17","3",1621294712034006,"db963a70c087daa26b3692880e9749c2",3,952,38,0,0,0,0,0,0,0,0,1,4,1.38629436111989,0.264444444444444
"209","pilot42","05/21","1",1621589877874009,"db963a70c087daa26b3692880e9749c2",6,929,39,0,0,0,0,0,0,1,0,1,5,1.6094379124341,0.258055555555556
"210","pilot42","4/26","2",1619462566113082,"db963a70c087daa26b3692880e9749c2",9,525,23,0,0,0,0,0,0,NA,NA,NA,4,1.38629436111989,0.145833333333333
"211","pilot42","4/27","2",1619577744019016,"db963a70c087daa26b3692880e9749c2",3,924,23,0,0,0,0,0,0,NA,NA,NA,3.5,1.25276296849537,0.256666666666667
"212","pilot43","4/26","2",1619469102167126,"751c846247b8b22cbc92da9a112a2996",11,479,27,0,0,0,0,0,0,NA,NA,NA,1,0,0.133055555555556
"213","pilot44","05/06","0",1620350893667007,"8e5cab790df3d6178f3ebe72c0aa8bd0",5,310,27,0,0,4,0,0,0,NA,NA,NA,4,1.38629436111989,0.0861111111111111
"214","pilot44","05/11","3",1.62074e+15,"8e5cab790df3d6178f3ebe72c0aa8bd0",2,297,90,0,0,2,0,0,0,1,0,0,2,0.693147180559945,0.0825
"215","pilot44","05/13","3",1620951908805064,"8e5cab790df3d6178f3ebe72c0aa8bd0",6,518,73,0,0,3,0,0,0,0,0,2,1,0,0.143888888888889
"216","pilot44","05/14","3",1621029671539002,"8e5cab790df3d6178f3ebe72c0aa8bd0",2,559,73,0,1,3,0,0,0,0,0,0,1,0,0.155277777777778
"217","pilot44","05/16","3",1621188007982003,"8e5cab790df3d6178f3ebe72c0aa8bd0",2,599,72,0,0,4,0,0,0,0,0,0,1,0,0.166388888888889
"218","pilot44","05/24","1",1621927085992001,"8e5cab790df3d6178f3ebe72c0aa8bd0",2,303,11,0,0,3,0,0,0,1,0,0,4,1.38629436111989,0.0841666666666667
"219","pilot44","4/26","2",1619505371300013,"8e5cab790df3d6178f3ebe72c0aa8bd0",5,412,71,0,0,1,0,0,0,NA,NA,NA,4,1.38629436111989,0.114444444444444
"220","pilot44","4/28","2",1619670436226005,"8e5cab790df3d6178f3ebe72c0aa8bd0",8,1013,139,0,0,8,0,0,0,NA,NA,NA,2,0.693147180559945,0.281388888888889
"221","pilot44","4/29","2",1619759368161012,"8e5cab790df3d6178f3ebe72c0aa8bd0",4,377,81,0,0,8,0,0,0,NA,NA,NA,1,0,0.104722222222222
"222","pilot45","05/01","2",1619926008230006,"2ae9a31a2f536a7372a8f634647fb88b",3,356,286,0,3,3,0,0,0,NA,NA,NA,1,0,0.0988888888888889
"223","pilot45","05/05","0",1620264615717004,"2ae9a31a2f536a7372a8f634647fb88b",4,1109,22,0,1,2,0,1,0,NA,NA,NA,1,0,0.308055555555556
"224","pilot45","05/09","0",1620592309280059,"2ae9a31a2f536a7372a8f634647fb88b",2,1693,22,0,3,6,0,0,0,NA,NA,NA,1,0,0.470277777777778
"225","pilot45","05/12","3",1620880867793014,"2ae9a31a2f536a7372a8f634647fb88b",1,756,637,0,0,3,0,0,0,2,0,0,1,0,0.21
"226","pilot45","05/13","3",1620968965355048,"2ae9a31a2f536a7372a8f634647fb88b",1,563,31,0,0,5,1,0,0,6,0,0,1,0,0.156388888888889
"227","pilot45","05/17","3",1.62129e+15,"2ae9a31a2f536a7372a8f634647fb88b",2,1732,32,0,1,5,1,0,0,6,0,0,1,0,0.481111111111111
"228","pilot45","05/19","1",1621485803594026,"2ae9a31a2f536a7372a8f634647fb88b",1,1327,2648,0,1,7,1,0,0,1,0,0,1,0,0.368611111111111
"229","pilot45","05/20","1",1621572519052006,"2ae9a31a2f536a7372a8f634647fb88b",3,812,2648,0,0,7,1,0,0,1,0,0,1,0,0.225555555555556
"230","pilot45","05/23","1",1621805056187023,"2ae9a31a2f536a7372a8f634647fb88b",1,864,9,0,0,10,2,0,0,0,0,0,1,0,0.24
"231","pilot45","4/26","2",1619474571211062,"2ae9a31a2f536a7372a8f634647fb88b",2,534,19,0,0,0,0,0,0,NA,NA,NA,1,0,0.148333333333333
"232","pilot45","4/27","2",1619576964285078,"2ae9a31a2f536a7372a8f634647fb88b",1,624,22,0,1,4,0,0,0,NA,NA,NA,1,0,0.173333333333333
"233","pilot45","4/29","2",1619747198213013,"2ae9a31a2f536a7372a8f634647fb88b",8,1197,45,0,3,6,0,1,0,NA,NA,NA,1,0,0.3325
"234","pilot46","05/10","2",1620685870114003,"87b82289978d6667cbf0273586766d0a",5,319,23,0,0,0,0,0,0,NA,NA,NA,1,0,0.0886111111111111
"235","pilot46","05/15","3",1621145461867044,"1a1e020d3974c8b5141e46ef842bc354",3,386,20,0,0,2,0,0,0,1,0,0,1,0,0.107222222222222
"236","pilot46","05/17","3",1621321038377005,"1a1e020d3974c8b5141e46ef842bc354",10,952,0,0,0,1,0,0,0,19,0,1,1,0,0.264444444444444
"237","pilot46","05/18","3",1621363752271011,"1a1e020d3974c8b5141e46ef842bc354",17,1652,0,0,0,0,0,0,0,20,0,3,1,0,0.458888888888889
"238","pilot46","05/20","1",1621543880243099,"1a1e020d3974c8b5141e46ef842bc354",20,1357,68,0,0,0,0,0,0,0,0,1,1,0,0.376944444444444
"239","pilot46","05/22","1",1621691541486014,"1a1e020d3974c8b5141e46ef842bc354",5,380,68,0,0,0,0,0,0,1,0,1,1,0,0.105555555555556
"240","pilot46","05/24","1",1621923738755019,"1a1e020d3974c8b5141e46ef842bc354",6,940,29,0,0,0,0,0,0,3,0,0,1,0,0.261111111111111
"241","pilot46","05/25","1",1621973405188007,"1a1e020d3974c8b5141e46ef842bc354",5,373,25,0,0,1,0,0,0,5,0,0,1,0,0.103611111111111
"242","pilot46","4/26","2",1.61951e+15,"852a0d5d1baac5cd9886920e31bd3130",8,441,18,0,0,0,0,0,0,NA,NA,NA,1,0,0.1225
"243","pilot46","4/27","2",1619561637507021,"852a0d5d1baac5cd9886920e31bd3130",29,2719,18,0,0,0,0,0,0,NA,NA,NA,1,0,0.755277777777778
"244","pilot46","4/28","2",1619645531105129,"852a0d5d1baac5cd9886920e31bd3130",28,3056,18,1,0,1,0,0,0,NA,NA,NA,1,0,0.848888888888889
"245","pilot46","4/29","2",1619752277393009,"852a0d5d1baac5cd9886920e31bd3130",13,429,0,1,0,1,0,0,0,NA,NA,NA,1,0,0.119166666666667
"246","pilot46","4/30","2",1619853618332001,"852a0d5d1baac5cd9886920e31bd3130",12,632,0,1,0,1,0,0,0,NA,NA,NA,1,0,0.175555555555556
"247","pilot47","05/02","2",1620007884188006,"eba64b8ab226a933f40eb57c9cc7d51e",6,994,108,0,0,0,0,0,0,NA,NA,NA,1,0,0.276111111111111
"248","pilot47","05/03","2",1620089960534014,"eba64b8ab226a933f40eb57c9cc7d51e",2,348,108,0,0,0,0,0,0,NA,NA,NA,5,1.6094379124341,0.0966666666666667
"249","pilot47","05/10","0",1620709000198006,"eba64b8ab226a933f40eb57c9cc7d51e",5,678,21,0,0,0,0,0,0,NA,NA,NA,5,1.6094379124341,0.188333333333333
"250","pilot47","05/13","0",1620957603199005,"3529992dd61b8637acc458bfb2648d85",6,869,18,0,0,0,0,0,0,NA,NA,NA,5,1.6094379124341,0.241388888888889
"251","pilot47","05/14","0",1621017104941014,"3529992dd61b8637acc458bfb2648d85",2,312,18,0,0,0,0,0,0,NA,NA,NA,5,1.6094379124341,0.0866666666666667
"252","pilot47","05/17","0",1621298013585007,"3529992dd61b8637acc458bfb2648d85",3,671,8,0,0,0,0,0,0,NA,NA,NA,5,1.6094379124341,0.186388888888889
"253","pilot47","05/18","0",1621397961242007,"3529992dd61b8637acc458bfb2648d85",2,816,9,0,0,1,0,0,0,NA,NA,NA,5,1.6094379124341,0.226666666666667
"254","pilot47","05/19","0",1621471136666006,"3529992dd61b8637acc458bfb2648d85",12,1411,48,0,0,1,0,0,0,NA,NA,NA,5,1.6094379124341,0.391944444444444
"255","pilot47","05/20","3",1621566180844005,"3529992dd61b8637acc458bfb2648d85",9,1276,81,1,0,3,0,0,0,6,1,0,5,1.6094379124341,0.354444444444444
"256","pilot47","05/23","3",1621824636292036,"3529992dd61b8637acc458bfb2648d85",3,368,39,0,0,1,0,0,0,3,0,0,5,1.6094379124341,0.102222222222222
"257","pilot47","05/24","3",1621902964046018,"3529992dd61b8637acc458bfb2648d85",3,654,19,0,0,0,0,0,0,3,0,0,5,1.6094379124341,0.181666666666667
"258","pilot47","05/25","3",1621991878260014,"3529992dd61b8637acc458bfb2648d85",6,753,0,0,0,0,0,0,0,2,0,0,5,1.6094379124341,0.209166666666667
"259","pilot47","05/26","3",1622070123944012,"3529992dd61b8637acc458bfb2648d85",5,677,19,0,0,0,0,0,0,3,0,0,5,1.6094379124341,0.188055555555556
"260","pilot47","05/27","3",1622131189847013,"3529992dd61b8637acc458bfb2648d85",2,871,19,0,0,0,0,0,0,3,0,0,5,1.6094379124341,0.241944444444444
"261","pilot47","4/27","2",1619529110515122,"3529992dd61b8637acc458bfb2648d85",8,1504,5,0,0,0,0,1,0,NA,NA,NA,1,0,0.417777777777778
"262","pilot47","4/27","2",1619529110515122,"3529992dd61b8637acc458bfb2648d85",8,1504,5,0,0,0,0,1,0,NA,NA,NA,2,0.693147180559945,0.417777777777778
"263","pilot47","4/27","2",1619572258158019,"eba64b8ab226a933f40eb57c9cc7d51e",7,1153,78,0,0,0,0,0,0,NA,NA,NA,1,0,0.320277777777778
"264","pilot47","4/27","2",1619572258158019,"eba64b8ab226a933f40eb57c9cc7d51e",7,1153,78,0,0,0,0,0,0,NA,NA,NA,2,0.693147180559945,0.320277777777778
"265","pilot48","05/08","0",1620521555958014,"7d162e8294cbba0fdcbe79549253945c",5,923,51,0,0,0,0,0,0,NA,NA,NA,1,0,0.256388888888889
"266","pilot48","05/10","0",1.62069e+15,"7d162e8294cbba0fdcbe79549253945c",5,792,11,0,0,0,0,0,0,NA,NA,NA,1,0,0.22
"267","pilot48","05/12","3",1620870840842043,"7d162e8294cbba0fdcbe79549253945c",25,1649,133,0,0,0,3,3,0,5,0,3,1,0,0.458055555555556
"268","pilot48","05/13","3",1620957411530051,"7d162e8294cbba0fdcbe79549253945c",9,1926,133,0,0,0,3,3,0,5,0,3,1,0,0.535
"269","pilot48","05/14","3",1621055293424031,"7d162e8294cbba0fdcbe79549253945c",44,3773,283,1,1,0,2,17,0,2,0,13,1,0,1.04805555555556
"270","pilot48","05/15","3",1.62113e+15,"7d162e8294cbba0fdcbe79549253945c",16,1194,159,0,0,0,1,3,0,1,0,3,1,0,0.331666666666667
"271","pilot48","05/16","3",1.6212e+15,"7d162e8294cbba0fdcbe79549253945c",10,1189,177,0,1,0,2,9,0,2,0,4,1,0,0.330277777777778
"272","pilot48","05/17","3",1621289113450043,"7d162e8294cbba0fdcbe79549253945c",13,1259,93,0,0,0,2,2,0,1,0,2,1,0,0.349722222222222
"273","pilot48","05/18","3",1621383597755034,"7d162e8294cbba0fdcbe79549253945c",11,724,93,0,0,0,2,2,0,0,0,2,1,0,0.201111111111111
"274","pilot48","05/19","1",1621485860956101,"7d162e8294cbba0fdcbe79549253945c",19,2106,91,1,0,0,1,3,0,5,0,2,1,0,0.585
"275","pilot48","05/20","1",1621567449007003,"7d162e8294cbba0fdcbe79549253945c",17,2084,50,1,0,0,2,21,0,5,0,4,1,0,0.578888888888889
"276","pilot48","05/21","1",1621647501344238,"7d162e8294cbba0fdcbe79549253945c",20,3035,63,0,0,0,2,21,0,1,0,4,1,0,0.843055555555556
"277","pilot48","05/22","1",1621732497428059,"7d162e8294cbba0fdcbe79549253945c",34,2925,63,0,0,0,2,6,0,1,0,13,1,0,0.8125
"278","pilot48","05/23","1",1621823643641071,"7d162e8294cbba0fdcbe79549253945c",31,4610,67,0,0,0,1,14,0,1,0,13,1,0,1.28055555555556
"279","pilot48","05/24","1",1621904807306008,"7d162e8294cbba0fdcbe79549253945c",8,1329,67,0,0,0,1,14,0,1,0,9,1,0,0.369166666666667
"280","pilot48","05/25","1",1622007909404055,"7d162e8294cbba0fdcbe79549253945c",34,3712,81,0,0,0,3,9,0,1,0,12,1,0,1.03111111111111
"281","pilot48","4/27","2",1619557594708053,"7d162e8294cbba0fdcbe79549253945c",29,3998,55,0,0,0,0,5,0,NA,NA,NA,1,0,1.11055555555556
"282","pilot49","05/01","2",1619910075320001,"d4079d8d05e8fedefc4952ba620d6a13",4,630,88,0,0,0,0,1,5,NA,NA,NA,1,0,0.175
"283","pilot49","05/03","2",1620107340270036,"d4079d8d05e8fedefc4952ba620d6a13",6,2590,192,0,0,0,0,1,0,NA,NA,NA,1,0,0.719444444444444
"284","pilot49","05/04","2",1620156413718011,"d4079d8d05e8fedefc4952ba620d6a13",13,8262,563,0,0,0,0,0,0,NA,NA,NA,1,0,2.295
"285","pilot49","05/07","0",1620425970671099,"d4079d8d05e8fedefc4952ba620d6a13",21,3160,13,0,0,0,0,0,1,NA,NA,NA,1,0,0.877777777777778
"286","pilot49","05/08","0",1620500919520031,"d4079d8d05e8fedefc4952ba620d6a13",6,1550,12,0,0,0,0,0,0,NA,NA,NA,1,0,0.430555555555556
"287","pilot49","05/09","0",1620616020098076,"d4079d8d05e8fedefc4952ba620d6a13",25,8336,29,0,0,0,0,0,0,NA,NA,NA,1,0,2.31555555555556
"288","pilot49","05/12","3",1620843484186011,"d4079d8d05e8fedefc4952ba620d6a13",11,5462,185,0,0,2,0,1,0,10,0,4,1,0,1.51722222222222
"289","pilot49","05/13","3",1620931168770086,"d4079d8d05e8fedefc4952ba620d6a13",8,3362,896,0,0,0,0,0,0,3,1,3,2,0.693147180559945,0.933888888888889
"290","pilot49","05/14","3",1621017372097004,"d4079d8d05e8fedefc4952ba620d6a13",5,3797,896,0,0,0,0,0,0,8,1,4,1,0,1.05472222222222
"291","pilot49","05/15","3",1621117460043004,"d4079d8d05e8fedefc4952ba620d6a13",3,971,126,0,0,0,0,0,0,8,0,4,1,0,0.269722222222222
"292","pilot49","05/16","3",1621199195642065,"d4079d8d05e8fedefc4952ba620d6a13",5,3236,93,0,0,0,0,0,0,5,0,2,1,0,0.898888888888889
"293","pilot49","05/18","3",1621369769391001,"d4079d8d05e8fedefc4952ba620d6a13",6,4814,92,0,0,0,0,0,0,5,0,2,1,0,1.33722222222222
"294","pilot49","05/19","1",1621446263750009,"d4079d8d05e8fedefc4952ba620d6a13",5,3499,92,0,0,0,0,0,0,2,0,2,3,1.09861228866811,0.971944444444444
"295","pilot49","05/23","1",1621806911987002,"d4079d8d05e8fedefc4952ba620d6a13",8,3521,11,0,0,1,0,0,0,2,0,2,1,0,0.978055555555556
"296","pilot49","05/24","1",1621882294819002,"d4079d8d05e8fedefc4952ba620d6a13",2,2420,11,0,0,1,0,0,0,2,0,2,1,0,0.672222222222222
"297","pilot49","4/27","2",1.61959e+15,"d4079d8d05e8fedefc4952ba620d6a13",12,2503,50,0,0,0,0,13,5,NA,NA,NA,1,0,0.695277777777778
"298","pilot50","05/01","2",1619935283276004,"ba192efacbc6b0ab898f906a7be6a8b6",9,1469,79,0,0,1,1,0,1,NA,NA,NA,1,0,0.408055555555556
"299","pilot50","05/04","2",1.62019e+15,"ba192efacbc6b0ab898f906a7be6a8b6",12,2694,76,0,0,5,2,0,0,NA,NA,NA,1,0,0.748333333333333
"300","pilot50","05/07","0",1620430328455116,"ba192efacbc6b0ab898f906a7be6a8b6",4,2779,32,0,1,0,0,0,1,NA,NA,NA,1,0,0.771944444444444
"301","pilot50","05/10","0",1620694368897063,"ba192efacbc6b0ab898f906a7be6a8b6",7,974,55,0,1,0,0,0,0,NA,NA,NA,1,0,0.270555555555556
"302","pilot50","05/12","3",1620885827137002,"ba192efacbc6b0ab898f906a7be6a8b6",11,1522,74,0,0,0,0,0,0,3,0,1,1,0,0.422777777777778
"303","pilot50","05/17","3",1621283838131004,"ba192efacbc6b0ab898f906a7be6a8b6",6,1086,51,0,0,0,0,0,0,0,1,0,1,0,0.301666666666667
"304","pilot50","05/20","1",1621579296245072,"ba192efacbc6b0ab898f906a7be6a8b6",8,2359,84,0,0,1,0,0,0,2,0,1,1,0,0.655277777777778
"305","pilot50","05/23","1",1621798219786004,"ba192efacbc6b0ab898f906a7be6a8b6",3,844,19,0,0,1,0,0,0,1,0,0,1,0,0.234444444444444
"306","pilot50","05/26","1",1622052601881004,"ba192efacbc6b0ab898f906a7be6a8b6",6,519,30,0,0,0,0,0,0,1,0,1,1,0,0.144166666666667
"307","pilot50","4/27","2",1619584592158012,"ba192efacbc6b0ab898f906a7be6a8b6",12,1434,21,0,0,0,0,0,0,NA,NA,NA,1,0,0.398333333333333
"308","pilot50","4/29","2",1619753848321194,"ba192efacbc6b0ab898f906a7be6a8b6",6,2844,75,0,0,1,1,0,1,NA,NA,NA,1,0,0.79
"309","pilot52","05/01","2",1619903461083004,"7e93235aca500a266ce2d4271740eb1b",16,1477,0,2,0,1,0,2,1,NA,NA,NA,4,1.38629436111989,0.410277777777778
"311","pilot61","05/01","0",1619920736405001,"febe816670e1910e67cb01f4933dc556",24,1101,43,0,0,3,0,0,0,NA,NA,NA,3,1.09861228866811,0.305833333333333
"312","pilot61","05/02","0",1620010121190005,"febe816670e1910e67cb01f4933dc556",13,307,47,0,0,3,0,0,0,NA,NA,NA,3,1.09861228866811,0.0852777777777778
"313","pilot61","05/04","1",1620170107090019,"febe816670e1910e67cb01f4933dc556",11,1091,53,0,0,2,0,0,0,2,1,4,3,1.09861228866811,0.303055555555556
"314","pilot61","05/05","1",1.62025e+15,"febe816670e1910e67cb01f4933dc556",13,1467,42,0,0,2,0,0,0,0,0,4,3,1.09861228866811,0.4075
"315","pilot61","05/07","1",1620430303808017,"febe816670e1910e67cb01f4933dc556",9,805,32,0,0,0,0,0,0,0,0,0,3,1.09861228866811,0.223611111111111
"316","pilot61","05/08","1",1620508667446006,"febe816670e1910e67cb01f4933dc556",8,523,32,0,0,0,0,0,0,0,0,0,3,1.09861228866811,0.145277777777778
"317","pilot61","05/09","1",1620611197309007,"febe816670e1910e67cb01f4933dc556",11,781,26,0,0,0,0,0,0,0,0,0,3,1.09861228866811,0.216944444444444
"318","pilot61","05/16","2",1621210163945016,"febe816670e1910e67cb01f4933dc556",4,397,57,0,0,0,0,0,0,NA,NA,NA,3,1.09861228866811,0.110277777777778
"319","pilot61","05/17","2",1621306711923001,"febe816670e1910e67cb01f4933dc556",5,204,57,0,0,0,0,0,0,NA,NA,NA,3,1.09861228866811,0.0566666666666667
"320","pilot61","4/28","0",1619659786481017,"febe816670e1910e67cb01f4933dc556",8,1114,29,0,0,1,1,0,0,NA,NA,NA,5,1.6094379124341,0.309444444444444
"321","pilot61","4/29","0",1619739621529002,"febe816670e1910e67cb01f4933dc556",8,245,29,0,0,1,1,0,0,NA,NA,NA,2,0.693147180559945,0.0680555555555555
"322","pilot61","4/30","0",1619805497994007,"febe816670e1910e67cb01f4933dc556",6,239,21,0,0,0,0,0,0,NA,NA,NA,2,0.693147180559945,0.0663888888888889
"323","pilot62","05/04","1",1620163869708021,"afbafaba79aca52511bd0a8ccabff1a5",4,528,7,1,0,6,1,1,0,5,0,0,1,0,0.146666666666667
"324","pilot62","05/07","1",1620379668849032,"afbafaba79aca52511bd0a8ccabff1a5",1,256,25,0,0,7,1,0,0,3,0,0,1,0,0.0711111111111111
"325","pilot62","05/08","1",1620514363086026,"afbafaba79aca52511bd0a8ccabff1a5",8,736,16,1,0,35,0,1,0,6,0,0,1,0,0.204444444444444
"326","pilot62","05/09","1",1620629579712047,"afbafaba79aca52511bd0a8ccabff1a5",9,1736,16,1,0,35,0,1,0,6,1,1,1,0,0.482222222222222
"327","pilot62","05/10","1",1620672498639286,"afbafaba79aca52511bd0a8ccabff1a5",47,7634,16,0,0,8,0,3,0,2,1,9,1.8,0.587786664902119,2.12055555555556
"328","pilot62","05/11","2",1620775166210058,"afbafaba79aca52511bd0a8ccabff1a5",24,2777,6,0,0,3,0,0,0,NA,NA,NA,1,0,0.771388888888889
"329","pilot62","05/13","2",1620943867053164,"afbafaba79aca52511bd0a8ccabff1a5",8,2658,5,0,0,1,0,0,0,NA,NA,NA,1,0,0.738333333333333
"330","pilot62","05/15","2",1621114071345018,"afbafaba79aca52511bd0a8ccabff1a5",5,649,6,0,0,0,0,0,0,NA,NA,NA,1,0,0.180277777777778
"331","pilot62","05/17","3",1621293784439041,"afbafaba79aca52511bd0a8ccabff1a5",5,287,14,0,0,0,0,0,0,1,0,0,1,0,0.0797222222222222
"332","pilot62","05/19","3",1621491918570011,"afbafaba79aca52511bd0a8ccabff1a5",5,1902,9,0,0,2,0,0,0,2,0,0,1,0,0.528333333333333
"333","pilot62","05/20","3",1621580300873001,"afbafaba79aca52511bd0a8ccabff1a5",9,2980,2,0,0,4,0,1,0,0,0,4,1.5,0.405465108108164,0.827777777777778
"334","pilot62","05/21","3",1621669969729001,"afbafaba79aca52511bd0a8ccabff1a5",10,1059,1,0,0,3,0,1,0,0,0,2,1,0,0.294166666666667
"335","pilot62","05/23","3",1621811252940006,"afbafaba79aca52511bd0a8ccabff1a5",10,3867,3,0,0,1,0,0,0,0,0,2,1,0,1.07416666666667
"336","pilot62","05/27","0",1622144301318017,"afbafaba79aca52511bd0a8ccabff1a5",7,973,15,0,0,0,0,0,0,NA,NA,NA,1,0,0.270277777777778
"337","pilot62","4/26","0",1619483010652013,"afbafaba79aca52511bd0a8ccabff1a5",16,424,20,0,0,0,0,0,0,NA,NA,NA,1,0,0.117777777777778
"338","pilot62","4/26","0",1619469918166064,"afbafaba79aca52511bd0a8ccabff1a5",12,279,19,0,0,0,0,0,0,NA,NA,NA,1,0,0.0775
"339","pilot62","4/27","0",1619567007175009,"afbafaba79aca52511bd0a8ccabff1a5",2,504,20,1,0,1,1,1,0,NA,NA,NA,1,0,0.14
"340","pilot63","05/04","1",1620195214051104,"01bd14a25be3923cbd3a9d31680702fe",12,646,43,1,5,42,39,1,0,2,0,0,1,0,0.179444444444444
"341","pilot63","05/05","1",1620284080574111,"01bd14a25be3923cbd3a9d31680702fe",13,1141,41,2,10,4,0,1,1,0,0,1,1.5,0.405465108108164,0.316944444444444
"342","pilot63","05/12","2",1620852271844107,"01bd14a25be3923cbd3a9d31680702fe",8,920,70,1,8,24,23,4,0,NA,NA,NA,1,0,0.255555555555556
"343","pilot63","05/13","2",1620952072411081,"01bd14a25be3923cbd3a9d31680702fe",2,470,70,0,5,24,23,4,0,NA,NA,NA,1,0,0.130555555555556
"344","pilot63","05/14","2",1621062280027007,"01bd14a25be3923cbd3a9d31680702fe",14,519,58,2,10,9,6,0,0,NA,NA,NA,1,0,0.144166666666667
"345","pilot63","05/16","2",1621226627015055,"01bd14a25be3923cbd3a9d31680702fe",17,821,40,3,10,0,0,1,0,NA,NA,NA,1,0,0.228055555555556
"346","pilot63","05/18","3",1621408835259126,"01bd14a25be3923cbd3a9d31680702fe",4,643,72,0,10,17,18,0,0,1,0,0,1,0,0.178611111111111
"347","pilot63","05/19","3",1621494862198112,"01bd14a25be3923cbd3a9d31680702fe",7,461,40,0,10,8,5,0,0,0,0,0,1,0,0.128055555555556
"348","pilot63","05/21","3",1621647653067068,"01bd14a25be3923cbd3a9d31680702fe",1,404,82,1,8,10,16,0,0,0,0,0,1,0,0.112222222222222
"349","pilot63","05/23","3",1621800450648008,"01bd14a25be3923cbd3a9d31680702fe",9,709,76,1,6,4,4,0,1,0,0,0,1,0,0.196944444444444
"350","pilot63","05/24","3",1621902701225006,"01bd14a25be3923cbd3a9d31680702fe",4,368,76,1,6,0,4,0,1,0,0,0,1,0,0.102222222222222
"351","pilot63","4/27","0",1619557403455042,"01bd14a25be3923cbd3a9d31680702fe",5,864,53,1,5,1,2,0,0,NA,NA,NA,2,0.693147180559945,0.24
"352","pilot63","4/28","0",1619648843735018,"01bd14a25be3923cbd3a9d31680702fe",8,639,33,4,5,8,6,0,0,NA,NA,NA,1,0,0.1775
"353","pilot63","4/29","0",1.61972e+15,"01bd14a25be3923cbd3a9d31680702fe",5,826,33,4,3,8,6,0,0,NA,NA,NA,1,0,0.229444444444444
"354","pilot63","4/30","0",1619830484532016,"01bd14a25be3923cbd3a9d31680702fe",13,1554,73,2,5,7,3,0,0,NA,NA,NA,1,0,0.431666666666667
"355","pilot64","05/05","1",1620260164757065,"866547ef723e4630e5ec97cf9f92259f",2,382,5,0,0,1,0,1,0,2,0,0,4,1.38629436111989,0.106111111111111
"356","pilot64","05/09","1",1620608670742015,"866547ef723e4630e5ec97cf9f92259f",2,470,14,0,0,1,0,0,0,1,0,0,2,0.693147180559945,0.130555555555556
"357","pilot64","05/11","2",1620780628309096,"866547ef723e4630e5ec97cf9f92259f",10,635,32,0,0,0,0,5,0,NA,NA,NA,1,0,0.176388888888889
"358","pilot64","05/12","2",1620867718475007,"866547ef723e4630e5ec97cf9f92259f",3,345,36,0,0,0,0,1,0,NA,NA,NA,3,1.09861228866811,0.0958333333333333
"359","pilot64","05/13","2",1.62095e+15,"866547ef723e4630e5ec97cf9f92259f",5,210,39,0,0,0,0,0,0,NA,NA,NA,4,1.38629436111989,0.0583333333333333
"360","pilot64","05/17","3",1621295950638109,"866547ef723e4630e5ec97cf9f92259f",5,384,21,0,0,0,0,0,0,3,0,0,2,0.693147180559945,0.106666666666667
"361","pilot64","05/18","3",1.62139e+15,"866547ef723e4630e5ec97cf9f92259f",5,567,39,0,0,3,0,0,0,3,0,0,3,1.09861228866811,0.1575
"362","pilot64","05/21","3",1621645371353018,"866547ef723e4630e5ec97cf9f92259f",6,389,38,0,0,2,0,0,0,3,0,0,4,1.38629436111989,0.108055555555556
"363","pilot64","05/23","3",1621817003331038,"866547ef723e4630e5ec97cf9f92259f",3,274,39,0,0,2,0,0,0,1,0,0,4,1.38629436111989,0.0761111111111111
"364","pilot64","4/26","0",1619485109990007,"866547ef723e4630e5ec97cf9f92259f",8,433,23,0,0,0,0,2,0,NA,NA,NA,1,0,0.120277777777778
"365","pilot64","4/26","0",1619473708271015,"adabb1342dd9891f94faa812ef48c497",3,33,4,0,0,0,0,0,0,NA,NA,NA,1,0,0.00916666666666667
"366","pilot64","4/26","0",1619473236484017,"dc115c3a9deaa3dc6775d85941308bd3",4,43,19,0,0,0,0,0,0,NA,NA,NA,1,0,0.0119444444444444
"367","pilot64","4/26","0",1619474461208014,"866547ef723e4630e5ec97cf9f92259f",3,27,19,0,0,0,0,0,0,NA,NA,NA,1,0,0.0075
"368","pilot64","4/26","0",1619473409054061,"dc115c3a9deaa3dc6775d85941308bd3",6,140,19,0,0,0,0,0,0,NA,NA,NA,1,0,0.0388888888888889
"369","pilot64","4/27","0",1619571584673005,"866547ef723e4630e5ec97cf9f92259f",5,502,23,0,0,3,0,2,0,NA,NA,NA,1,0,0.139444444444444
"370","pilot65","05/01","0",1619928415012091,"be67d3fa613718251db678d8f564bf78",2,301,4,0,0,4,1,0,0,NA,NA,NA,1,0,0.0836111111111111
"371","pilot65","05/05","1",1.62027e+15,"be67d3fa613718251db678d8f564bf78",4,1024,20,1,0,11,6,38,0,4,0,1,1,0,0.284444444444444
"372","pilot65","05/06","1",1620358151771096,"be67d3fa613718251db678d8f564bf78",1,845,20,1,0,11,6,38,0,4,0,1,1,0,0.234722222222222
"373","pilot65","05/07","1",1620437548661031,"be67d3fa613718251db678d8f564bf78",3,452,17,0,1,8,3,1,0,3,0,0,1,0,0.125555555555556
"374","pilot65","05/08","1",1620529146792022,"be67d3fa613718251db678d8f564bf78",1,422,29,0,1,11,3,0,0,3,0,0,1,0,0.117222222222222
"375","pilot65","05/09","1",1620624677661078,"be67d3fa613718251db678d8f564bf78",4,637,30,0,0,11,3,3,0,2,0,0,1,0,0.176944444444444
"376","pilot65","05/10","1",1620708026292118,"be67d3fa613718251db678d8f564bf78",5,798,34,0,0,9,3,3,0,2,0,0,1,0,0.221666666666667
"377","pilot65","05/12","2",1620880623281304,"be67d3fa613718251db678d8f564bf78",6,596,4,0,0,9,4,5,0,2,NA,NA,1,0,0.165555555555556
"378","pilot65","05/13","2",1620966838742112,"be67d3fa613718251db678d8f564bf78",1,450,69,0,0,9,4,5,0,NA,NA,NA,1,0,0.125
"379","pilot65","05/14","2",1621051556605021,"be67d3fa613718251db678d8f564bf78",3,764,153,0,0,8,3,0,0,NA,NA,NA,1,0,0.212222222222222
"380","pilot65","05/16","2",1621207085614019,"be67d3fa613718251db678d8f564bf78",1,244,78,0,0,2,0,0,0,NA,NA,NA,1,0,0.0677777777777778
"381","pilot65","05/17","2",1621311641815067,"be67d3fa613718251db678d8f564bf78",1,512,86,0,0,7,2,0,0,NA,NA,NA,1,0,0.142222222222222
"382","pilot65","05/21","3",1621663932287023,"be67d3fa613718251db678d8f564bf78",1,306,94,0,0,0,0,0,0,1,0,0,1,0,0.085
"383","pilot65","05/22","3",1621742974589026,"be67d3fa613718251db678d8f564bf78",2,1774,165,0,0,6,5,0,0,2,0,0,1,0,0.492777777777778
"384","pilot65","05/23","3",1621827993907098,"be67d3fa613718251db678d8f564bf78",2,958,115,0,0,5,3,0,0,6,0,0,1,0,0.266111111111111
"385","pilot65","05/25","3",1621993791505036,"be67d3fa613718251db678d8f564bf78",1,441,115,0,0,5,3,0,0,6,0,0,1,0,0.1225
"386","pilot65","4/26","0",1619488900178053,"be67d3fa613718251db678d8f564bf78",17,240,16,1,0,1,1,1,0,NA,NA,NA,5,1.6094379124341,0.0666666666666667
"387","pilot65","4/26","0",1619488435384006,"be67d3fa613718251db678d8f564bf78",12,63,15,0,0,0,0,0,0,NA,NA,NA,5,1.6094379124341,0.0175
"388","pilot65","4/27","0",1619588438212057,"be67d3fa613718251db678d8f564bf78",1,250,16,1,0,12,3,1,0,NA,NA,NA,1,0,0.0694444444444444
"389","pilot65","4/28","0",1619670786882092,"be67d3fa613718251db678d8f564bf78",1,508,4,0,0,12,3,0,0,NA,NA,NA,1,0,0.141111111111111
"390","pilot66","05/12","2",1620862901007266,"f7fe6e2e3a3e370a75038f467161337a",7,1011,8,0,0,0,0,0,0,NA,NA,NA,1,0,0.280833333333333
"391","pilot66","05/17","2",1621280111427035,"f7fe6e2e3a3e370a75038f467161337a",2,969,8,0,0,0,0,0,0,NA,NA,NA,1,0,0.269166666666667
"392","pilot66","05/19","2",1621461020025055,"f7fe6e2e3a3e370a75038f467161337a",4,632,8,0,0,0,0,0,0,NA,NA,NA,1,0,0.175555555555556
"393","pilot66","4/27","0",1619548099563042,"f7fe6e2e3a3e370a75038f467161337a",5,230,19,0,0,0,0,0,0,NA,NA,NA,1,0,0.0638888888888889
"394","pilot66","4/27","0",1619565557981009,"f7fe6e2e3a3e370a75038f467161337a",11,940,26,0,0,0,0,0,0,NA,NA,NA,1,0,0.261111111111111
"395","pilot68","05/02","0",1619976347916004,"e1d1e73fcd7f21afda0b07e7904ea061",3,371,29,0,0,0,0,0,0,NA,NA,NA,1,0,0.103055555555556
"396","pilot68","05/07","1",1620405906501003,"e1d1e73fcd7f21afda0b07e7904ea061",3,2266,43,0,0,2,0,0,0,0,0,0,1,0,0.629444444444444
"397","pilot68","05/09","1",1.6206e+15,"e1d1e73fcd7f21afda0b07e7904ea061",4,1302,51,0,0,2,0,0,0,0,0,2,1,0,0.361666666666667
"398","pilot68","05/10","1",1620701992185009,"e1d1e73fcd7f21afda0b07e7904ea061",2,2235,58,0,0,0,0,0,0,0,0,2,1,0,0.620833333333333
"399","pilot68","05/11","2",1620783992448118,"e1d1e73fcd7f21afda0b07e7904ea061",7,432,58,0,0,0,0,0,0,NA,NA,1,1,0,0.12
"400","pilot68","05/16","2",1621193293882027,"e1d1e73fcd7f21afda0b07e7904ea061",3,4066,83,0,0,0,0,0,0,NA,NA,NA,1,0,1.12944444444444
"401","pilot68","05/17","2",1621305903122024,"e1d1e73fcd7f21afda0b07e7904ea061",3,3837,83,0,0,0,0,0,0,NA,NA,NA,1,0,1.06583333333333
"402","pilot68","05/18","2",1.62139e+15,"e1d1e73fcd7f21afda0b07e7904ea061",2,255,79,0,0,0,0,0,0,NA,NA,NA,1,0,0.0708333333333333
"403","pilot68","05/20","3",1621562908840058,"e1d1e73fcd7f21afda0b07e7904ea061",1,399,63,0,0,0,0,0,0,2,0,0,2,0.693147180559945,0.110833333333333
"404","pilot68","05/24","3",1621913092625003,"e1d1e73fcd7f21afda0b07e7904ea061",4,2447,131,0,0,0,0,0,0,1,0,0,1,0,0.679722222222222
"405","pilot68","4/27","0",1.61955e+15,"e1d1e73fcd7f21afda0b07e7904ea061",2,1827,38,0,0,0,0,0,0,NA,NA,NA,1,0,0.5075
"406","pilot68","4/27","0",1619577675195016,"e1d1e73fcd7f21afda0b07e7904ea061",10,13461,235,0,0,1,0,0,0,NA,NA,NA,1,0,3.73916666666667
"407","pilot68","4/28","0",1619657790809031,"e1d1e73fcd7f21afda0b07e7904ea061",3,2981,235,0,0,1,0,0,0,NA,NA,NA,1.5,0.405465108108164,0.828055555555556
"408","pilot68","4/29","0",1619741227005004,"e1d1e73fcd7f21afda0b07e7904ea061",4,4377,36,0,0,1,0,0,0,NA,NA,NA,1.4,0.336472236621213,1.21583333333333
"409","pilot68","4/30","0",1619832324739003,"e1d1e73fcd7f21afda0b07e7904ea061",2,5109,36,0,0,2,0,0,0,NA,NA,NA,1.5,0.405465108108164,1.41916666666667
"410","pilot69","05/01","0",1619941009086003,"d978619bbbf6ecdd74f7d40bcb1a6eaf",10,4158,86,0,0,4,0,0,0,NA,NA,NA,1,0,1.155
"411","pilot69","05/02","0",1620028036729015,"d978619bbbf6ecdd74f7d40bcb1a6eaf",23,4977,120,0,0,5,1,0,0,NA,NA,NA,1,0,1.3825
"412","pilot69","05/03","0",1620056120409008,"d978619bbbf6ecdd74f7d40bcb1a6eaf",6,2303,48,0,0,0,0,0,0,NA,NA,NA,1,0,0.639722222222222
"413","pilot69","05/04","0",1620159222240009,"d978619bbbf6ecdd74f7d40bcb1a6eaf",28,1193,118,0,0,1,1,0,0,NA,NA,NA,1,0,0.331388888888889
"414","pilot69","05/05","1",1620286374841017,"d978619bbbf6ecdd74f7d40bcb1a6eaf",22,3560,102,0,0,6,0,0,0,5,1,7,1,0,0.988888888888889
"415","pilot69","05/06","1",1620371712819076,"d978619bbbf6ecdd74f7d40bcb1a6eaf",21,4665,88,0,0,4,0,0,0,2,0,12,1,0,1.29583333333333
"416","pilot69","05/07","1",1.62041e+15,"d978619bbbf6ecdd74f7d40bcb1a6eaf",21,1263,56,0,0,7,0,0,0,0,0,5,1,0,0.350833333333333
"417","pilot69","05/09","1",1.62063e+15,"d978619bbbf6ecdd74f7d40bcb1a6eaf",28,1908,105,0,0,4,3,0,0,2,0,6,1,0,0.53
"418","pilot69","05/10","1",1620677575051006,"d978619bbbf6ecdd74f7d40bcb1a6eaf",16,1515,105,0,0,1,0,0,0,3,0,3,1,0,0.420833333333333
"419","pilot69","05/12","2",1620885547544043,"d978619bbbf6ecdd74f7d40bcb1a6eaf",13,2204,117,0,0,3,0,0,0,1,NA,NA,1,0,0.612222222222222
"420","pilot69","05/13","2",1620920588587077,"d978619bbbf6ecdd74f7d40bcb1a6eaf",15,1794,617,0,0,2,1,0,0,NA,NA,NA,1,0,0.498333333333333
"421","pilot69","05/16","2",1621231385140003,"d978619bbbf6ecdd74f7d40bcb1a6eaf",11,485,189,0,0,2,1,0,0,NA,NA,NA,1,0,0.134722222222222
"422","pilot69","05/17","2",1621321209743008,"d978619bbbf6ecdd74f7d40bcb1a6eaf",19,1194,164,0,0,1,0,3,0,NA,NA,NA,1,0,0.331666666666667
"423","pilot69","05/18","2",1621406378335019,"d978619bbbf6ecdd74f7d40bcb1a6eaf",16,970,249,0,0,1,0,0,0,NA,NA,NA,1,0,0.269444444444444
"424","pilot69","05/22","0",1621714661021022,"9a342a5fd5dd7fee8d7e6a6371c6ecd2",22,1409,70,0,0,1,1,0,0,NA,NA,NA,1,0,0.391388888888889
"425","pilot69","05/22","0",1621686544795015,"9a342a5fd5dd7fee8d7e6a6371c6ecd2",3,50,19,0,0,0,0,0,0,NA,NA,NA,1,0,0.0138888888888889
"426","pilot69","05/24","3",1621928585778011,"5efd3fac6789abad165fa7177bdc44e0",16,1185,87,0,0,0,0,2,0,4,0,4,1,0,0.329166666666667
"427","pilot69","05/25","3",1622001226357006,"5efd3fac6789abad165fa7177bdc44e0",28,1467,168,0,0,0,0,0,0,3,0,7,1,0,0.4075
"428","pilot69","05/26","3",1622055062562021,"5efd3fac6789abad165fa7177bdc44e0",25,1166,90,0,0,0,0,0,0,3,0,2,1,0,0.323888888888889
"429","pilot69","05/27","3",1622183188650024,"5efd3fac6789abad165fa7177bdc44e0",5,266,90,0,0,0,0,0,0,3,0,2,1,0,0.0738888888888889
"430","pilot69","05/28","3",1622219422733126,"5efd3fac6789abad165fa7177bdc44e0",21,1465,93,0,0,0,0,0,0,2,0,1,1,0,0.406944444444444
"431","pilot69","05/29","3",1622316680604017,"5efd3fac6789abad165fa7177bdc44e0",18,875,93,0,0,2,1,0,0,2,0,1,1,0,0.243055555555556
"432","pilot69","4/28","0",1.61967e+15,"d978619bbbf6ecdd74f7d40bcb1a6eaf",41,3053,149,0,0,21,8,1,0,NA,NA,NA,1,0,0.848055555555556
"433","pilot69","4/29","0",1619727651875004,"d978619bbbf6ecdd74f7d40bcb1a6eaf",24,8108,209,0,0,6,2,0,0,NA,NA,NA,1,0,2.25222222222222
"434","pilot69","4/30","0",1619815494439011,"d978619bbbf6ecdd74f7d40bcb1a6eaf",16,979,209,0,0,6,2,0,0,NA,NA,NA,1,0,0.271944444444444
"435","pilot70","05/02","0",1619967025077009,"124f335f5b0c74205ea2fb98cefe348d",2,9,19,0,0,0,0,0,0,NA,NA,NA,1,0,0.0025
"436","pilot70","05/02","0",1620019592475041,"124f335f5b0c74205ea2fb98cefe348d",7,835,36,0,0,7,1,0,0,NA,NA,NA,1,0,0.231944444444444
"437","pilot70","05/04","0",1620175972224016,"124f335f5b0c74205ea2fb98cefe348d",9,519,27,0,0,4,0,0,0,NA,NA,NA,3,1.09861228866811,0.144166666666667
"438","pilot70","05/05","0",1620268503584061,"124f335f5b0c74205ea2fb98cefe348d",2,220,27,0,0,6,1,0,0,NA,NA,NA,1,0,0.0611111111111111
"439","pilot70","05/09","1",1620616712442043,"124f335f5b0c74205ea2fb98cefe348d",3,1100,28,0,0,6,1,1,0,1,0,1,3,1.09861228866811,0.305555555555556
"440","pilot70","05/10","1",1620699345134031,"124f335f5b0c74205ea2fb98cefe348d",10,1402,49,0,0,14,1,1,0,1,0,2,1,0,0.389444444444444
"441","pilot70","05/11","1",1620798214636049,"124f335f5b0c74205ea2fb98cefe348d",6,571,49,0,1,14,1,0,0,3,0,2,1,0,0.158611111111111
"442","pilot70","05/13","1",1620963107292011,"124f335f5b0c74205ea2fb98cefe348d",5,2222,82,0,0,10,1,0,0,5,0,0,1,0,0.617222222222222
"443","pilot70","05/19","2",1621439825072067,"124f335f5b0c74205ea2fb98cefe348d",2,283,15,0,0,2,0,0,0,NA,NA,NA,1,0,0.0786111111111111
"444","pilot70","05/21","2",1621623852578007,"124f335f5b0c74205ea2fb98cefe348d",2,436,41,0,0,4,1,0,0,NA,NA,NA,1,0,0.121111111111111
"445","pilot70","05/22","2",1621699149255026,"124f335f5b0c74205ea2fb98cefe348d",1,1226,41,0,0,4,1,0,0,NA,NA,NA,3,1.09861228866811,0.340555555555556
"446","pilot70","05/25","3",1621982171491005,"124f335f5b0c74205ea2fb98cefe348d",7,1534,46,0,0,4,2,0,0,2,0,1,1,0,0.426111111111111
"447","pilot70","4/28","0",1619669923157012,"64132dc36900fa8b5f903a5066cf8298",13,2034,91,0,0,5,2,0,0,NA,NA,NA,2,0.693147180559945,0.565
"448","pilot70","4/29","0",1619763967818023,"64132dc36900fa8b5f903a5066cf8298",3,525,91,0,0,5,2,0,0,NA,NA,NA,1,0,0.145833333333333
"449","pilot71","05/08","1",1620496866464009,"90ad715fc6cffcd31a271660b255f8bb",2,605,10,0,0,3,1,0,0,8,0,0,1,0,0.168055555555556
"450","pilot71","05/09","1",1620620857428091,"90ad715fc6cffcd31a271660b255f8bb",4,670,9,0,0,4,1,4,0,1,0,0,2,0.693147180559945,0.186111111111111
"451","pilot71","05/11","1",1620751998158044,"90ad715fc6cffcd31a271660b255f8bb",2,471,9,0,0,4,1,4,1,1,0,0,2,0.693147180559945,0.130833333333333
"452","pilot71","05/14","2",1621035620080217,"90ad715fc6cffcd31a271660b255f8bb",13,1163,4,0,0,1,1,0,1,NA,NA,NA,2,0.693147180559945,0.323055555555556
"453","pilot71","05/25","3",1622012230622103,"90ad715fc6cffcd31a271660b255f8bb",7,1398,50,0,0,5,2,1,0,3,1,0,2,0.693147180559945,0.388333333333333
"454","pilot71","05/28","3",1622255573354084,"90ad715fc6cffcd31a271660b255f8bb",2,935,28,0,0,0,0,1,0,1,1,0,2,0.693147180559945,0.259722222222222
"455","pilot71","05/29","3",1.62234e+15,"90ad715fc6cffcd31a271660b255f8bb",2,581,51,0,0,7,2,0,0,2,0,0,2,0.693147180559945,0.161388888888889
"456","pilot71","4/28","0",1619635515499016,"90ad715fc6cffcd31a271660b255f8bb",3,75,19,0,0,0,0,0,0,NA,NA,NA,1,0,0.0208333333333333
"457","pilot71","4/28","0",1619654246898021,"90ad715fc6cffcd31a271660b255f8bb",12,847,51,0,0,1,1,0,0,NA,NA,NA,1,0,0.235277777777778
"458","pilot72","05/01","0",1619886132726011,"bdb03460f58d022413cc0a628bbe83e8",2,245,44,1,1,16,1,0,0,NA,NA,NA,1,0,0.0680555555555555
"459","pilot72","05/02","0",1620001379799017,"bdb03460f58d022413cc0a628bbe83e8",3,683,17,0,0,25,0,0,0,NA,NA,NA,1,0,0.189722222222222
"460","pilot72","05/03","0",1620095827493008,"bdb03460f58d022413cc0a628bbe83e8",3,460,17,0,0,25,0,0,0,NA,NA,NA,1,0,0.127777777777778
"461","pilot72","05/04","0",1620184557242047,"bdb03460f58d022413cc0a628bbe83e8",3,1217,23,0,1,22,1,0,0,NA,NA,NA,1,0,0.338055555555556
"462","pilot72","05/05","0",1.62026e+15,"bdb03460f58d022413cc0a628bbe83e8",4,248,23,0,1,22,1,0,0,NA,NA,NA,1,0,0.0688888888888889
"463","pilot72","05/06","0",1.62036e+15,"bdb03460f58d022413cc0a628bbe83e8",2,350,13,0,1,10,0,0,0,NA,NA,NA,1,0,0.0972222222222222
"464","pilot72","05/07","1",1620423751075008,"bdb03460f58d022413cc0a628bbe83e8",5,313,23,0,1,23,0,0,0,2,0,0,1,0,0.0869444444444444
"465","pilot72","05/08","1",1.62054e+15,"bdb03460f58d022413cc0a628bbe83e8",3,771,23,0,1,19,0,0,0,0,0,0,1,0,0.214166666666667
"466","pilot72","05/10","1",1620706474669091,"bdb03460f58d022413cc0a628bbe83e8",8,891,20,1,1,17,0,0,0,1,0,0,1,0,0.2475
"467","pilot72","05/11","1",1620777742554004,"bdb03460f58d022413cc0a628bbe83e8",3,609,20,1,1,17,0,0,0,1,0,0,1,0,0.169166666666667
"468","pilot72","05/12","1",1620857409326027,"bdb03460f58d022413cc0a628bbe83e8",1,365,16,0,0,18,0,0,0,0,0,0,1,0,0.101388888888889
"469","pilot72","05/13","1",1620918711748035,"bdb03460f58d022413cc0a628bbe83e8",2,280,12,0,0,18,0,0,0,0,0,0,1,0,0.0777777777777778
"470","pilot72","05/14","2",1.62105e+15,"bdb03460f58d022413cc0a628bbe83e8",25,5006,1508,2,0,18,0,0,0,NA,NA,NA,1,0,1.39055555555556
"471","pilot72","05/16","2",1621223521335043,"bdb03460f58d022413cc0a628bbe83e8",2,278,55,0,0,3,0,0,0,NA,NA,NA,1,0,0.0772222222222222
"472","pilot72","05/17","2",1621268846946031,"bdb03460f58d022413cc0a628bbe83e8",1,363,55,0,0,13,0,0,0,NA,NA,NA,1,0,0.100833333333333
"473","pilot72","05/18","2",1621353776565011,"bdb03460f58d022413cc0a628bbe83e8",2,257,55,0,0,16,0,0,0,NA,NA,NA,1,0,0.0713888888888889
"474","pilot72","05/19","2",1621474071847025,"bdb03460f58d022413cc0a628bbe83e8",1,355,57,0,0,20,0,0,0,NA,NA,NA,1,0,0.0986111111111111
"475","pilot72","05/20","2",1621564428192069,"bdb03460f58d022413cc0a628bbe83e8",7,537,87,0,0,20,0,0,0,NA,NA,NA,1,0,0.149166666666667
"476","pilot72","05/21","2",1.62165e+15,"bdb03460f58d022413cc0a628bbe83e8",4,231,87,0,0,19,0,0,0,NA,NA,NA,1,0,0.0641666666666667
"477","pilot72","05/22","3",1621705182707048,"bdb03460f58d022413cc0a628bbe83e8",2,503,59,0,0,7,0,2,0,2,0,0,1,0,0.139722222222222
"478","pilot72","05/23","3",1621833243609011,"bdb03460f58d022413cc0a628bbe83e8",5,277,92,0,0,7,0,2,0,0,0,0,1,0,0.0769444444444444
"479","pilot72","05/25","3",1621991767431096,"bdb03460f58d022413cc0a628bbe83e8",5,1485,73,0,0,18,0,1,0,1,0,1,1,0,0.4125
"480","pilot72","05/26","3",1.62208e+15,"bdb03460f58d022413cc0a628bbe83e8",3,274,73,0,0,18,0,1,0,2,0,1,1,0,0.0761111111111111
"481","pilot72","05/27","3",1622149181030061,"bdb03460f58d022413cc0a628bbe83e8",9,820,70,1,0,13,0,0,0,2,0,0,1,0,0.227777777777778
"482","pilot72","4/29","0",1619745708232012,"bdb03460f58d022413cc0a628bbe83e8",7,991,42,0,0,3,0,0,0,NA,NA,NA,1,0,0.275277777777778
"483","pilot72","4/29","0",1619742058333012,"bdb03460f58d022413cc0a628bbe83e8",5,659,28,0,0,0,0,0,0,NA,NA,NA,1,0,0.183055555555556
"484","pilot72","4/30","0",1619831315246003,"bdb03460f58d022413cc0a628bbe83e8",9,1131,44,1,1,16,1,0,0,NA,NA,NA,1,0,0.314166666666667
